benchmark_run_dir,run_name,benchmark_cell_dir,experiment_cell,orchestration_mode,mcp_mode,model_id,git_sha,registry_status,include_in_paper,registry_reason,run_status,started_at,finished_at,total_runs,pass,fail,has_wandb,wandb_run_id,wandb_run_url,has_profiling,profiling_dir,profiling_artifact,has_profiling_summary,profiling_gpu_util_mean,profiling_gpu_util_max,profiling_gpu_mem_used_mib_mean,profiling_gpu_mem_used_mib_max,profiling_power_draw_w_mean,profiling_power_draw_w_max,profiling_nvidia_smi_samples,notes
benchmarks/cell_A_direct/raw/8979314_aat_direct,8979314_aat_direct,cell_A_direct,A,agent_as_tool,direct,openai/Llama-3.1-8B-Instruct,,,,,success,2026-04-27T00:56:35.373978+00:00,2026-04-27T01:00:54.053803+00:00,6,6,0,true,vq976ljq,https://wandb.ai/assetopsbench-smartgrid/assetopsbench-smartgrid/runs/vq976ljq,true,profiling/traces/8979314_cell_a,profiling-vq976ljq,true,16.890140845070423,100.0,23809.498591549294,42102.0,95.65571830985915,273.3,355,profiling summary present in meta.json
benchmarks/cell_A_direct/raw/core15x5_post175_a100_cu_20260505T0724Z_A_post175_15x5_aat_direct,core15x5_post175_a100_cu_20260505T0724Z_A_post175_15x5_aat_direct,cell_A_direct,A,agent_as_tool,direct,openai/Llama-3.1-8B-Instruct,1913c6e4703425f735d8cb8297cb890ba66bbeff,paper_grade,true,"post-PR175 clean-floor evidence with expected raw JSON, latency, and judge counts",partial,2026-05-05T07:19:59.939047+00:00,2026-05-05T07:33:38.003068+00:00,75,74,1,true,zkxtrs32,https://wandb.ai/assetopsbench-smartgrid/assetopsbench-smartgrid/runs/zkxtrs32,false,,,false,,,,,,,,wandb only
benchmarks/cell_A_direct/raw/core_rem16x5_post175_a100_cu_20260505T0940Z_A_post175_15x5_aat_direct,core_rem16x5_post175_a100_cu_20260505T0940Z_A_post175_15x5_aat_direct,cell_A_direct,A,agent_as_tool,direct,openai/Llama-3.1-8B-Instruct,1913c6e4703425f735d8cb8297cb890ba66bbeff,paper_grade,true,"post-PR175 clean-floor evidence with expected raw JSON, latency, and judge counts",partial,2026-05-05T09:42:03.010734+00:00,2026-05-05T09:54:20.051985+00:00,80,79,1,true,u3hr1wuz,https://wandb.ai/assetopsbench-smartgrid/assetopsbench-smartgrid/runs/u3hr1wuz,false,,,false,,,,,,,,wandb only
benchmarks/cell_A_direct/raw/final5x6_a100_20260503T090200Z_A_final5x6_aat_direct,final5x6_a100_20260503T090200Z_A_final5x6_aat_direct,cell_A_direct,A,agent_as_tool,direct,openai/Llama-3.1-8B-Instruct,e5e1331b99c22824949aa8e88a6bbe56b1ff8520,superseded,false,legacy final-six A100 matrix predates the post-PR175 31-scenario evidence set,partial,2026-05-03T09:02:10.871633+00:00,2026-05-03T09:09:47.045102+00:00,30,28,2,true,2kol9oi3,https://wandb.ai/assetopsbench-smartgrid/assetopsbench-smartgrid/runs/2kol9oi3,false,,,false,,,,,,,,wandb only
benchmarks/cell_A70B/raw/final15x3_70b_watsonx_post175_cpu_ixqt_abc_20260505T0722Z_A70B_post175_70b_aat_direct_watsonx,final15x3_70b_watsonx_post175_cpu_ixqt_abc_20260505T0722Z_A70B_post175_70b_aat_direct_watsonx,cell_A70B,A70B,agent_as_tool,direct,watsonx/meta-llama/llama-3-3-70b-instruct,1913c6e4703425f735d8cb8297cb890ba66bbeff,paper_grade,true,"post-PR175 clean-floor evidence with expected raw JSON, latency, and judge counts",partial,2026-05-05T07:22:15.668328+00:00,2026-05-05T07:33:56.758059+00:00,45,42,3,false,,,false,,,false,,,,,,,,
benchmarks/cell_A70B/raw/final6x3_70b_watsonx_post180_envfix_cpu_ixqt_20260504T2115Z_A70B_final6x3_70b_aat_direct_watsonx,final6x3_70b_watsonx_post180_envfix_cpu_ixqt_20260504T2115Z_A70B_final6x3_70b_aat_direct_watsonx,cell_A70B,A70B,agent_as_tool,direct,watsonx/meta-llama/llama-3-3-70b-instruct,97169f0d51ffea200c78e35d6ec47366124d88ae,superseded,false,post-PR180 scored cohort retained for provenance; superseded by post-PR175 clean-floor runs after PR #175 merged over PR #180,partial,2026-05-04T21:00:59.112118+00:00,2026-05-04T21:08:08.976826+00:00,18,17,1,false,,,false,,,false,,,,,,,,
benchmarks/cell_AT_M/raw/profile_spotcheck_20260507T0604Z_at_m,profile_spotcheck_20260507T0604Z_at_m,cell_AT_M,AT_M,agent_as_tool,baseline,openai/Llama-3.1-8B-Instruct,9839593bc5218256f82ee16bb20dbd259504e0a4,,,,success,2026-05-07T06:05:01.521394+00:00,2026-05-07T06:06:08.296424+00:00,1,1,0,true,9a5ttz8w,https://wandb.ai/assetopsbench-smartgrid/assetopsbench-smartgrid/runs/9a5ttz8w,true,profiling/traces/profile_spotcheck_20260507T0604Z_at_m_nvidia_smi,profiling-profile_spotcheck_20260507T0604Z_at_m-nvidia-smi,true,8.75886524822695,100.0,27123.872340425532,37420.0,68.95283687943262,335.21,141,profiling summary present in meta.json
benchmarks/cell_AT_T/raw/profile_spotcheck_20260507T0604Z_at_t,profile_spotcheck_20260507T0604Z_at_t,cell_AT_T,AT_T,agent_as_tool,optimized,openai/Llama-3.1-8B-Instruct,9839593bc5218256f82ee16bb20dbd259504e0a4,,,,success,2026-05-07T06:15:06.093592+00:00,2026-05-07T06:16:12.689201+00:00,1,1,0,true,ig9zgy82,https://wandb.ai/assetopsbench-smartgrid/assetopsbench-smartgrid/runs/ig9zgy82,true,profiling/traces/profile_spotcheck_20260507T0604Z_at_t_nvidia_smi,profiling-ig9zgy82,true,8.92517006802721,100.0,27293.285714285714,37420.0,67.5909523809524,367.83,147,profiling summary present in meta.json
benchmarks/cell_B_mcp_baseline/raw/8979314_aat_mcp_baseline,8979314_aat_mcp_baseline,cell_B_mcp_baseline,B,agent_as_tool,baseline,openai/Llama-3.1-8B-Instruct,,,,,success,2026-04-27T01:02:44.998308+00:00,2026-04-27T01:04:51.604301+00:00,6,6,0,true,qejvnoug,https://wandb.ai/assetopsbench-smartgrid/assetopsbench-smartgrid/runs/qejvnoug,true,profiling/traces/8979314_cell_b,profiling-qejvnoug,true,24.156626506024097,100.0,36024.899598393575,42102.0,119.06148594377511,272.14,249,profiling summary present in meta.json
benchmarks/cell_B_mcp_baseline/raw/core15x5_post175_a100_cu_20260505T0724Z_B_post175_15x5_aat_mcp_baseline,core15x5_post175_a100_cu_20260505T0724Z_B_post175_15x5_aat_mcp_baseline,cell_B_mcp_baseline,B,agent_as_tool,baseline,openai/Llama-3.1-8B-Instruct,1913c6e4703425f735d8cb8297cb890ba66bbeff,paper_grade,true,"post-PR175 clean-floor evidence with expected raw JSON, latency, and judge counts",partial,2026-05-05T07:33:46.000617+00:00,2026-05-05T07:50:24.752326+00:00,75,74,1,true,es6tv6f1,https://wandb.ai/assetopsbench-smartgrid/assetopsbench-smartgrid/runs/es6tv6f1,false,,,false,,,,,,,,wandb only
benchmarks/cell_B_mcp_baseline/raw/core_rem16x5_post175_a100_cu_20260505T0940Z_B_post175_15x5_aat_mcp_baseline,core_rem16x5_post175_a100_cu_20260505T0940Z_B_post175_15x5_aat_mcp_baseline,cell_B_mcp_baseline,B,agent_as_tool,baseline,openai/Llama-3.1-8B-Instruct,1913c6e4703425f735d8cb8297cb890ba66bbeff,paper_grade,true,"post-PR175 clean-floor evidence with expected raw JSON, latency, and judge counts",partial,2026-05-05T09:54:36.970664+00:00,2026-05-05T10:10:48.252592+00:00,80,79,1,true,36q9nwv1,https://wandb.ai/assetopsbench-smartgrid/assetopsbench-smartgrid/runs/36q9nwv1,false,,,false,,,,,,,,wandb only
benchmarks/cell_B_mcp_baseline/raw/final5x6_a100_20260503T090200Z_B_final5x6_aat_mcp_baseline,final5x6_a100_20260503T090200Z_B_final5x6_aat_mcp_baseline,cell_B_mcp_baseline,B,agent_as_tool,baseline,openai/Llama-3.1-8B-Instruct,e5e1331b99c22824949aa8e88a6bbe56b1ff8520,superseded,false,legacy final-six A100 matrix predates the post-PR175 31-scenario evidence set,success,2026-05-03T09:10:36.017681+00:00,2026-05-03T09:17:43.361619+00:00,30,30,0,true,mc7bhb6o,https://wandb.ai/assetopsbench-smartgrid/assetopsbench-smartgrid/runs/mc7bhb6o,false,,,false,,,,,,,,wandb only
benchmarks/cell_B70B/raw/final15x3_70b_watsonx_post175_cpu_ixqt_abc_20260505T0722Z_B70B_post175_70b_aat_mcp_baseline_watsonx,final15x3_70b_watsonx_post175_cpu_ixqt_abc_20260505T0722Z_B70B_post175_70b_aat_mcp_baseline_watsonx,cell_B70B,B70B,agent_as_tool,baseline,watsonx/meta-llama/llama-3-3-70b-instruct,1913c6e4703425f735d8cb8297cb890ba66bbeff,paper_grade,true,"post-PR175 clean-floor evidence with expected raw JSON, latency, and judge counts",partial,2026-05-05T07:34:57.310081+00:00,2026-05-05T07:56:42.931123+00:00,45,43,2,false,,,false,,,false,,,,,,,,
benchmarks/cell_B70B/raw/final6x3_70b_watsonx_post180_envfix_cpu_ixqt_20260504T2115Z_B70B_final6x3_70b_aat_mcp_baseline_watsonx,final6x3_70b_watsonx_post180_envfix_cpu_ixqt_20260504T2115Z_B70B_final6x3_70b_aat_mcp_baseline_watsonx,cell_B70B,B70B,agent_as_tool,baseline,watsonx/meta-llama/llama-3-3-70b-instruct,97169f0d51ffea200c78e35d6ec47366124d88ae,superseded,false,post-PR180 scored cohort retained for provenance; superseded by post-PR175 clean-floor runs after PR #175 merged over PR #180,partial,2026-05-04T21:08:09.192340+00:00,2026-05-04T21:16:55.689502+00:00,18,15,3,false,,,false,,,false,,,,,,,,
benchmarks/cell_C_mcp_optimized/raw/9071639_aat_mcp_optimized,9071639_aat_mcp_optimized,cell_C_mcp_optimized,C,agent_as_tool,optimized,openai/Llama-3.1-8B-Instruct,,superseded,false,non-post-PR175 scored cohort retained for provenance; superseded by post-PR175 pulled evidence,success,2026-04-30T04:20:08.279932+00:00,2026-04-30T04:36:15.207330+00:00,6,6,0,true,ifz8xfhm,https://wandb.ai/assetopsbench-smartgrid/assetopsbench-smartgrid/runs/ifz8xfhm,true,profiling/traces/9071639_aat_mcp_optimized_torch,profiling-ifz8xfhm,false,,,,,,,,profiling artifact linked; summary stats absent from meta.json
benchmarks/cell_C_mcp_optimized/raw/core15x5_post175_a100_cu_20260505T0724Z_C_post175_15x5_aat_mcp_optimized,core15x5_post175_a100_cu_20260505T0724Z_C_post175_15x5_aat_mcp_optimized,cell_C_mcp_optimized,C,agent_as_tool,optimized,openai/Llama-3.1-8B-Instruct,1913c6e4703425f735d8cb8297cb890ba66bbeff,paper_grade,true,"post-PR175 clean-floor evidence with expected raw JSON, latency, and judge counts",success,2026-05-05T07:50:30.033461+00:00,2026-05-05T08:07:13.238802+00:00,75,75,0,true,z7b8men2,https://wandb.ai/assetopsbench-smartgrid/assetopsbench-smartgrid/runs/z7b8men2,false,,,false,,,,,,,,wandb only
benchmarks/cell_C_mcp_optimized/raw/core_rem16x5_post175_a100_cu_20260505T0940Z_C_post175_15x5_aat_mcp_optimized,core_rem16x5_post175_a100_cu_20260505T0940Z_C_post175_15x5_aat_mcp_optimized,cell_C_mcp_optimized,C,agent_as_tool,optimized,openai/Llama-3.1-8B-Instruct,1913c6e4703425f735d8cb8297cb890ba66bbeff,paper_grade,true,"post-PR175 clean-floor evidence with expected raw JSON, latency, and judge counts",partial,2026-05-05T10:13:01.539779+00:00,2026-05-05T10:29:09.562680+00:00,80,79,1,true,un9m667b,https://wandb.ai/assetopsbench-smartgrid/assetopsbench-smartgrid/runs/un9m667b,false,,,false,,,,,,,,wandb only
benchmarks/cell_C_mcp_optimized/raw/final5x6_a100_20260503T090200Z_C_final5x6_aat_mcp_optimized,final5x6_a100_20260503T090200Z_C_final5x6_aat_mcp_optimized,cell_C_mcp_optimized,C,agent_as_tool,optimized,openai/Llama-3.1-8B-Instruct,e5e1331b99c22824949aa8e88a6bbe56b1ff8520,superseded,false,legacy final-six A100 matrix predates the post-PR175 31-scenario evidence set,success,2026-05-03T09:18:32.036118+00:00,2026-05-03T09:25:39.146611+00:00,30,30,0,true,av01xt1u,https://wandb.ai/assetopsbench-smartgrid/assetopsbench-smartgrid/runs/av01xt1u,false,,,false,,,,,,,,wandb only
benchmarks/cell_C70B/raw/final15x3_70b_watsonx_post175_cpu_ixqt_abc_20260505T0722Z_C70B_post175_70b_aat_mcp_optimized_watsonx,final15x3_70b_watsonx_post175_cpu_ixqt_abc_20260505T0722Z_C70B_post175_70b_aat_mcp_optimized_watsonx,cell_C70B,C70B,agent_as_tool,optimized,watsonx/meta-llama/llama-3-3-70b-instruct,1913c6e4703425f735d8cb8297cb890ba66bbeff,paper_grade,true,"post-PR175 clean-floor evidence with expected raw JSON, latency, and judge counts",success,2026-05-05T07:57:43.224479+00:00,2026-05-05T08:17:42.287370+00:00,45,45,0,false,,,false,,,false,,,,,,,,
benchmarks/cell_C70B/raw/final6x3_70b_watsonx_post180_envfix_cpu_ixqt_20260504T2115Z_C70B_final6x3_70b_aat_mcp_optimized_watsonx,final6x3_70b_watsonx_post180_envfix_cpu_ixqt_20260504T2115Z_C70B_final6x3_70b_aat_mcp_optimized_watsonx,cell_C70B,C70B,agent_as_tool,optimized,watsonx/meta-llama/llama-3-3-70b-instruct,97169f0d51ffea200c78e35d6ec47366124d88ae,superseded,false,post-PR180 scored cohort retained for provenance; superseded by post-PR175 clean-floor runs after PR #175 merged over PR #180,partial,2026-05-04T21:16:55.902530+00:00,2026-05-04T21:39:39.315215+00:00,18,13,5,false,,,false,,,false,,,,,,,,
benchmarks/cell_D/raw/9073472_aat_mcp_model_optimized,9073472_aat_mcp_model_optimized,cell_D,D,agent_as_tool,optimized,openai/Llama-3.1-8B-Instruct-int8,,superseded,false,non-post-PR175 scored cohort retained for provenance; superseded by post-PR175 pulled evidence,success,2026-04-30T06:59:59.227887+00:00,2026-04-30T07:07:16.316368+00:00,6,6,0,true,pmwzatie,https://wandb.ai/assetopsbench-smartgrid/assetopsbench-smartgrid/runs/pmwzatie,true,profiling/traces/9073472_aat_mcp_model_optimized_torch,profiling-pmwzatie,false,,,,,,,,profiling artifact linked; summary stats absent from meta.json
benchmarks/cell_D/raw/extra15x5_post175_a100_ixqt_west3_20260505T0815Z_D_post175_15x5_aat_mcp_model_optimized,extra15x5_post175_a100_ixqt_west3_20260505T0815Z_D_post175_15x5_aat_mcp_model_optimized,cell_D,D,agent_as_tool,optimized,openai/Llama-3.1-8B-Instruct-int8,1913c6e4703425f735d8cb8297cb890ba66bbeff,paper_grade,true,"post-PR175 clean-floor evidence with expected raw JSON, latency, and judge counts",partial,2026-05-05T08:14:43.769228+00:00,2026-05-05T08:30:05.298954+00:00,75,68,7,true,bvvkvgxv,https://wandb.ai/assetopsbench-smartgrid/assetopsbench-smartgrid/runs/bvvkvgxv,false,,,false,,,,,,,,wandb only
benchmarks/cell_D/raw/final5x6_extra_a100_20260503T115304Z_D_final5x6_aat_mcp_model_optimized,final5x6_extra_a100_20260503T115304Z_D_final5x6_aat_mcp_model_optimized,cell_D,D,agent_as_tool,optimized,openai/Llama-3.1-8B-Instruct-int8,e5e1331b99c22824949aa8e88a6bbe56b1ff8520,superseded,false,legacy final-six A100 matrix predates the post-PR175 31-scenario evidence set,partial,2026-05-03T11:53:06.466188+00:00,2026-05-03T12:00:37.075958+00:00,30,29,1,true,v8gn1crm,https://wandb.ai/assetopsbench-smartgrid/assetopsbench-smartgrid/runs/v8gn1crm,false,,,false,,,,,,,,wandb only
benchmarks/cell_PE_S_M/raw/profile_spotcheck_20260507T0604Z_pe_s_m,profile_spotcheck_20260507T0604Z_pe_s_m,cell_PE_S_M,PE_S_M,plan_execute,baseline,openai/Llama-3.1-8B-Instruct,9839593bc5218256f82ee16bb20dbd259504e0a4,,,,success,2026-05-07T06:07:27.373041+00:00,2026-05-07T06:08:49.095827+00:00,1,1,0,true,bb7ude34,https://wandb.ai/assetopsbench-smartgrid/assetopsbench-smartgrid/runs/bb7ude34,true,profiling/traces/profile_spotcheck_20260507T0604Z_pe_s_m_nvidia_smi,profiling-profile_spotcheck_20260507T0604Z_pe_s_m-nvidia-smi,true,18.857142857142858,100.0,20066.85714285714,37406.0,85.64976190476189,313.92,84,profiling summary present in meta.json
benchmarks/cell_V_S_M/raw/profile_spotcheck_20260507T0604Z_v_s_m,profile_spotcheck_20260507T0604Z_v_s_m,cell_V_S_M,V_S_M,verified_pe,baseline,openai/Llama-3.1-8B-Instruct,9839593bc5218256f82ee16bb20dbd259504e0a4,,,,success,2026-05-07T06:08:54.471847+00:00,2026-05-07T06:10:23.139640+00:00,1,1,0,true,2kyquhk1,https://wandb.ai/assetopsbench-smartgrid/assetopsbench-smartgrid/runs/2kyquhk1,true,profiling/traces/profile_spotcheck_20260507T0604Z_v_s_m_nvidia_smi,profiling-profile_spotcheck_20260507T0604Z_v_s_m-nvidia-smi,true,23.855670103092784,100.0,22326.907216494845,37406.0,98.6160824742268,444.06,97,profiling summary present in meta.json
benchmarks/cell_Y_plan_execute/raw/8998340_exp2_cell_Y_pe_mcp_baseline,8998340_exp2_cell_Y_pe_mcp_baseline,cell_Y_plan_execute,Y,plan_execute,baseline,openai/Llama-3.1-8B-Instruct,,,,,partial,2026-04-28T00:11:55.047302+00:00,2026-04-28T00:22:11.071726+00:00,6,3,3,true,121l5dhn,https://wandb.ai/assetopsbench-smartgrid/assetopsbench-smartgrid/runs/121l5dhn,true,profiling/traces/8998340_exp2_cell_Y_pe_mcp_baseline_torch,profiling-121l5dhn,false,,,,,,,,profiling artifact linked; summary stats absent from meta.json
benchmarks/cell_Y_plan_execute/raw/context_y_pe_post180_a100_ixqt_west3_20260505T0012Z_Y32_exp2_cell_Y_pe_mcp_baseline,context_y_pe_post180_a100_ixqt_west3_20260505T0012Z_Y32_exp2_cell_Y_pe_mcp_baseline,cell_Y_plan_execute,Y,plan_execute,baseline,openai/Llama-3.1-8B-Instruct,97169f0d51ffea200c78e35d6ec47366124d88ae,superseded,false,post-PR180 scored cohort retained for provenance; superseded by post-PR175 clean-floor runs after PR #175 merged over PR #180,success,2026-05-05T00:20:38.144982+00:00,2026-05-05T00:28:35.853894+00:00,12,12,0,false,,,false,,,false,,,,,,,,
benchmarks/cell_Y_plan_execute/raw/core15x5_post175_a100_ixqt_east_20260505T0724Z_YS_post175_15x5_exp2_cell_YS_pe_self_ask_mcp_baseline,core15x5_post175_a100_ixqt_east_20260505T0724Z_YS_post175_15x5_exp2_cell_YS_pe_self_ask_mcp_baseline,cell_Y_plan_execute,Y,plan_execute,baseline,openai/Llama-3.1-8B-Instruct,1913c6e4703425f735d8cb8297cb890ba66bbeff,paper_grade,true,"post-PR175 clean-floor evidence with expected raw JSON, latency, and judge counts",partial,2026-05-05T08:01:18.791549+00:00,2026-05-05T08:44:04.332437+00:00,75,60,15,true,z8gaibjz,https://wandb.ai/assetopsbench-smartgrid/assetopsbench-smartgrid/runs/z8gaibjz,false,,,false,,,,,,,,wandb only
benchmarks/cell_Y_plan_execute/raw/core15x5_post175_a100_ixqt_east_20260505T0724Z_Y_post175_15x5_exp2_cell_Y_pe_mcp_baseline,core15x5_post175_a100_ixqt_east_20260505T0724Z_Y_post175_15x5_exp2_cell_Y_pe_mcp_baseline,cell_Y_plan_execute,Y,plan_execute,baseline,openai/Llama-3.1-8B-Instruct,1913c6e4703425f735d8cb8297cb890ba66bbeff,paper_grade,true,"post-PR175 clean-floor evidence with expected raw JSON, latency, and judge counts",partial,2026-05-05T07:19:59.614325+00:00,2026-05-05T08:01:12.150319+00:00,75,65,10,true,03sqevs5,https://wandb.ai/assetopsbench-smartgrid/assetopsbench-smartgrid/runs/03sqevs5,false,,,false,,,,,,,,wandb only
benchmarks/cell_Y_plan_execute/raw/core_rem16x5_post175_a100_ixqt_east_20260505T0918Z_YS_post175_15x5_exp2_cell_YS_pe_self_ask_mcp_baseline,core_rem16x5_post175_a100_ixqt_east_20260505T0918Z_YS_post175_15x5_exp2_cell_YS_pe_self_ask_mcp_baseline,cell_Y_plan_execute,Y,plan_execute,baseline,openai/Llama-3.1-8B-Instruct,1913c6e4703425f735d8cb8297cb890ba66bbeff,paper_grade,true,"post-PR175 clean-floor evidence with expected raw JSON, latency, and judge counts",partial,2026-05-05T09:58:20.162983+00:00,2026-05-05T10:37:32.643198+00:00,80,70,10,true,3yad2sto,https://wandb.ai/assetopsbench-smartgrid/assetopsbench-smartgrid/runs/3yad2sto,false,,,false,,,,,,,,wandb only
benchmarks/cell_Y_plan_execute/raw/core_rem16x5_post175_a100_ixqt_east_20260505T0918Z_Y_post175_15x5_exp2_cell_Y_pe_mcp_baseline,core_rem16x5_post175_a100_ixqt_east_20260505T0918Z_Y_post175_15x5_exp2_cell_Y_pe_mcp_baseline,cell_Y_plan_execute,Y,plan_execute,baseline,openai/Llama-3.1-8B-Instruct,1913c6e4703425f735d8cb8297cb890ba66bbeff,paper_grade,true,"post-PR175 clean-floor evidence with expected raw JSON, latency, and judge counts",partial,2026-05-05T09:17:48.340560+00:00,2026-05-05T09:57:55.763412+00:00,80,70,10,true,uwp6b6sa,https://wandb.ai/assetopsbench-smartgrid/assetopsbench-smartgrid/runs/uwp6b6sa,false,,,false,,,,,,,,wandb only
benchmarks/cell_Y_plan_execute/raw/final5x6_a100_20260503T090200Z_YS_final5x6_exp2_cell_Y_pe_self_ask_mcp_baseline,final5x6_a100_20260503T090200Z_YS_final5x6_exp2_cell_Y_pe_self_ask_mcp_baseline,cell_Y_plan_execute,Y,plan_execute,baseline,openai/Llama-3.1-8B-Instruct,e5e1331b99c22824949aa8e88a6bbe56b1ff8520,superseded,false,legacy final-six A100 matrix predates the post-PR175 31-scenario evidence set,partial,2026-05-03T10:39:46.894154+00:00,2026-05-03T10:59:55.915162+00:00,30,20,10,true,dcbyvoig,https://wandb.ai/assetopsbench-smartgrid/assetopsbench-smartgrid/runs/dcbyvoig,false,,,false,,,,,,,,wandb only
benchmarks/cell_Y_plan_execute/raw/final5x6_a100_20260503T090200Z_Y_final5x6_exp2_cell_Y_pe_mcp_baseline,final5x6_a100_20260503T090200Z_Y_final5x6_exp2_cell_Y_pe_mcp_baseline,cell_Y_plan_execute,Y,plan_execute,baseline,openai/Llama-3.1-8B-Instruct,e5e1331b99c22824949aa8e88a6bbe56b1ff8520,superseded,false,legacy final-six A100 matrix predates the post-PR175 31-scenario evidence set,partial,2026-05-03T10:20:58.950165+00:00,2026-05-03T10:39:04.827209+00:00,30,25,5,true,8xjypavm,https://wandb.ai/assetopsbench-smartgrid/assetopsbench-smartgrid/runs/8xjypavm,false,,,false,,,,,,,,wandb only
benchmarks/cell_Y_plan_execute/raw/final5x6_followon_transport_a100_20260503T142516Z_YS_TP_final5x6_exp2_cell_YS_pe_self_ask_mcp_optimized,final5x6_followon_transport_a100_20260503T142516Z_YS_TP_final5x6_exp2_cell_YS_pe_self_ask_mcp_optimized,cell_Y_plan_execute,Y,plan_execute,optimized,openai/Llama-3.1-8B-Instruct,e5e1331b99c22824949aa8e88a6bbe56b1ff8520,superseded,false,legacy final-six A100 matrix predates the post-PR175 31-scenario evidence set,partial,2026-05-03T15:27:18.285600+00:00,2026-05-03T15:41:22.969056+00:00,30,20,10,true,sp3ml5so,https://wandb.ai/assetopsbench-smartgrid/assetopsbench-smartgrid/runs/sp3ml5so,false,,,false,,,,,,,,wandb only
benchmarks/cell_Y_plan_execute/raw/final5x6_followon_transport_post180_a100_ixqt_west4_20260504T2205Z_YS_TP_final5x6_exp2_cell_YS_pe_self_ask_mcp_optimized,final5x6_followon_transport_post180_a100_ixqt_west4_20260504T2205Z_YS_TP_final5x6_exp2_cell_YS_pe_self_ask_mcp_optimized,cell_Y_plan_execute,Y,plan_execute,optimized,openai/Llama-3.1-8B-Instruct,97169f0d51ffea200c78e35d6ec47366124d88ae,superseded,false,post-PR180 scored cohort retained for provenance; superseded by post-PR175 clean-floor runs after PR #175 merged over PR #180,partial,2026-05-04T22:06:39.876592+00:00,2026-05-04T22:20:26.363496+00:00,30,20,10,false,,,false,,,false,,,,,,,,
benchmarks/cell_Y_plan_execute/raw/final5x6_pe_core_post180_a100_ixqt_west4_20260504T2015Z_YS_final5x6_exp2_cell_Y_pe_self_ask_mcp_baseline,final5x6_pe_core_post180_a100_ixqt_west4_20260504T2015Z_YS_final5x6_exp2_cell_Y_pe_self_ask_mcp_baseline,cell_Y_plan_execute,Y,plan_execute,baseline,openai/Llama-3.1-8B-Instruct,97169f0d51ffea200c78e35d6ec47366124d88ae,superseded,false,post-PR180 scored cohort retained for provenance; superseded by post-PR175 clean-floor runs after PR #175 merged over PR #180,partial,2026-05-04T20:31:33.301351+00:00,2026-05-04T20:50:56.840336+00:00,30,20,10,false,,,false,,,false,,,,,,,,
benchmarks/cell_Y_plan_execute/raw/final5x6_pe_core_post180_a100_ixqt_west4_20260504T2015Z_Y_final5x6_exp2_cell_Y_pe_mcp_baseline,final5x6_pe_core_post180_a100_ixqt_west4_20260504T2015Z_Y_final5x6_exp2_cell_Y_pe_mcp_baseline,cell_Y_plan_execute,Y,plan_execute,baseline,openai/Llama-3.1-8B-Instruct,97169f0d51ffea200c78e35d6ec47366124d88ae,superseded,false,post-PR180 scored cohort retained for provenance; superseded by post-PR175 clean-floor runs after PR #175 merged over PR #180,partial,2026-05-04T20:13:21.873702+00:00,2026-05-04T20:30:40.769602+00:00,30,25,5,false,,,false,,,false,,,,,,,,
benchmarks/cell_Y_plan_execute/raw/followon15x5_post175_a100_cu_20260505T0810Z_YS_TP_post175_15x5_exp2_cell_YS_pe_self_ask_mcp_optimized,followon15x5_post175_a100_cu_20260505T0810Z_YS_TP_post175_15x5_exp2_cell_YS_pe_self_ask_mcp_optimized,cell_Y_plan_execute,Y,plan_execute,optimized,openai/Llama-3.1-8B-Instruct,1913c6e4703425f735d8cb8297cb890ba66bbeff,paper_grade,true,"post-PR175 clean-floor evidence with expected raw JSON, latency, and judge counts",partial,2026-05-05T08:10:35.139305+00:00,2026-05-05T08:38:54.416927+00:00,75,65,10,true,z3c3wy9l,https://wandb.ai/assetopsbench-smartgrid/assetopsbench-smartgrid/runs/z3c3wy9l,false,,,false,,,,,,,,wandb only
benchmarks/cell_Y_plan_execute/raw/issue18-smartgrid-smoke,issue18-smartgrid-smoke,cell_Y_plan_execute,Y,plan_execute,baseline,watsonx/meta-llama/llama-3-3-70b-instruct,,,,,success,,,,,,false,,,false,,,false,,,,,,,,
benchmarks/cell_Y_plan_execute/raw/issue3-aob-harness-smoke,issue3-aob-harness-smoke,cell_Y_plan_execute,Y,plan_execute,baseline,watsonx/meta-llama/llama-3-3-70b-instruct,,,,,success,,,,,,false,,,false,,,false,,,,,,,,
benchmarks/cell_Y_plan_execute/raw/local-20260413-003914_pe_mcp_baseline_watsonx_smoke,local-20260413-003914_pe_mcp_baseline_watsonx_smoke,cell_Y_plan_execute,Y,plan_execute,baseline,,,,,,success,2026-04-13T04:39:14.266300+00:00,2026-04-13T04:40:47.990529+00:00,1,1,0,true,9d4442ja,https://wandb.ai/assetopsbench-smartgrid/assetopsbench-smartgrid/runs/9d4442ja,false,,,false,,,,,,,,wandb only
benchmarks/cell_Y_plan_execute/raw/mitigation15x5_4tier_post175_a100_ixqt_west3_20260505T0845Z_YS_ADJ_post175_15x5_mitigation_adjudication_pe_self_ask,mitigation15x5_4tier_post175_a100_ixqt_west3_20260505T0845Z_YS_ADJ_post175_15x5_mitigation_adjudication_pe_self_ask,cell_Y_plan_execute,Y,plan_execute,baseline,openai/Llama-3.1-8B-Instruct,1913c6e4703425f735d8cb8297cb890ba66bbeff,paper_grade,true,"post-PR175 clean-floor evidence with expected raw JSON, latency, and judge counts",partial,2026-05-05T13:24:20.769797+00:00,2026-05-05T14:06:27.410972+00:00,75,65,10,true,1x5zbu3z,https://wandb.ai/assetopsbench-smartgrid/assetopsbench-smartgrid/runs/1x5zbu3z,false,,,false,,,,,,,,wandb only
benchmarks/cell_Y_plan_execute/raw/mitigation15x5_4tier_post175_a100_ixqt_west3_20260505T0845Z_YS_BASELINE_post175_15x5_mitigation_baseline_pe_self_ask,mitigation15x5_4tier_post175_a100_ixqt_west3_20260505T0845Z_YS_BASELINE_post175_15x5_mitigation_baseline_pe_self_ask,cell_Y_plan_execute,Y,plan_execute,baseline,openai/Llama-3.1-8B-Instruct,1913c6e4703425f735d8cb8297cb890ba66bbeff,paper_grade,true,"post-PR175 clean-floor evidence with expected raw JSON, latency, and judge counts",partial,2026-05-05T08:45:05.968384+00:00,2026-05-05T09:25:34.137074+00:00,75,60,15,true,var2trf7,https://wandb.ai/assetopsbench-smartgrid/assetopsbench-smartgrid/runs/var2trf7,false,,,false,,,,,,,,wandb only
benchmarks/cell_Y_plan_execute/raw/mitigation15x5_4tier_post175_a100_ixqt_west3_20260505T0845Z_YS_GUARD_post175_15x5_mitigation_guard_pe_self_ask,mitigation15x5_4tier_post175_a100_ixqt_west3_20260505T0845Z_YS_GUARD_post175_15x5_mitigation_guard_pe_self_ask,cell_Y_plan_execute,Y,plan_execute,baseline,openai/Llama-3.1-8B-Instruct,1913c6e4703425f735d8cb8297cb890ba66bbeff,paper_grade,true,"post-PR175 clean-floor evidence with expected raw JSON, latency, and judge counts",partial,2026-05-05T10:18:15.860680+00:00,2026-05-05T10:58:35.903535+00:00,75,40,35,true,ib2jp24a,https://wandb.ai/assetopsbench-smartgrid/assetopsbench-smartgrid/runs/ib2jp24a,false,,,false,,,,,,,,wandb only
benchmarks/cell_Y_plan_execute/raw/mitigation15x5_4tier_post175_a100_ixqt_west3_20260505T0845Z_YS_REPAIR_post175_15x5_mitigation_repair_pe_self_ask,mitigation15x5_4tier_post175_a100_ixqt_west3_20260505T0845Z_YS_REPAIR_post175_15x5_mitigation_repair_pe_self_ask,cell_Y_plan_execute,Y,plan_execute,baseline,openai/Llama-3.1-8B-Instruct,1913c6e4703425f735d8cb8297cb890ba66bbeff,paper_grade,true,"post-PR175 clean-floor evidence with expected raw JSON, latency, and judge counts",partial,2026-05-05T11:51:12.167928+00:00,2026-05-05T12:32:49.558910+00:00,75,65,10,true,twc6jkwr,https://wandb.ai/assetopsbench-smartgrid/assetopsbench-smartgrid/runs/twc6jkwr,false,,,false,,,,,,,,wandb only
benchmarks/cell_Y_plan_execute/raw/mitigation_final6_4tier_a100_20260503T121709Z_YS_ADJ_final6_mitigation_fault_risk_adjudication_pe_self_ask,mitigation_final6_4tier_a100_20260503T121709Z_YS_ADJ_final6_mitigation_fault_risk_adjudication_pe_self_ask,cell_Y_plan_execute,Y,plan_execute,baseline,openai/Llama-3.1-8B-Instruct,e5e1331b99c22824949aa8e88a6bbe56b1ff8520,diagnostic,false,pre-PR173/final-six mitigation diagnostic cohort; not claim-grade after later runner and corpus fixes,partial,2026-05-03T14:40:13.404421+00:00,2026-05-03T15:00:30.606055+00:00,30,15,15,true,7sjha0b2,https://wandb.ai/assetopsbench-smartgrid/assetopsbench-smartgrid/runs/7sjha0b2,false,,,false,,,,,,,,wandb only
benchmarks/cell_Y_plan_execute/raw/mitigation_final6_4tier_a100_20260503T121709Z_YS_BASELINE_final6_mitigation_baseline_pe_self_ask,mitigation_final6_4tier_a100_20260503T121709Z_YS_BASELINE_final6_mitigation_baseline_pe_self_ask,cell_Y_plan_execute,Y,plan_execute,baseline,openai/Llama-3.1-8B-Instruct,e5e1331b99c22824949aa8e88a6bbe56b1ff8520,diagnostic,false,pre-PR173/final-six mitigation diagnostic cohort; not claim-grade after later runner and corpus fixes,partial,2026-05-03T12:17:11.414772+00:00,2026-05-03T12:37:13.858762+00:00,30,20,10,true,a5bite1u,https://wandb.ai/assetopsbench-smartgrid/assetopsbench-smartgrid/runs/a5bite1u,false,,,false,,,,,,,,wandb only
benchmarks/cell_Y_plan_execute/raw/mitigation_final6_4tier_a100_20260503T121709Z_YS_GUARD_final6_mitigation_missing_evidence_guard_pe_self_ask,mitigation_final6_4tier_a100_20260503T121709Z_YS_GUARD_final6_mitigation_missing_evidence_guard_pe_self_ask,cell_Y_plan_execute,Y,plan_execute,baseline,openai/Llama-3.1-8B-Instruct,e5e1331b99c22824949aa8e88a6bbe56b1ff8520,diagnostic,false,pre-PR173/final-six mitigation diagnostic cohort; not claim-grade after later runner and corpus fixes,partial,2026-05-03T13:04:53.852570+00:00,2026-05-03T13:24:59.486874+00:00,30,15,15,true,5yw4qk0y,https://wandb.ai/assetopsbench-smartgrid/assetopsbench-smartgrid/runs/5yw4qk0y,false,,,false,,,,,,,,wandb only
benchmarks/cell_Y_plan_execute/raw/mitigation_final6_4tier_a100_20260503T121709Z_YS_REPAIR_final6_mitigation_missing_evidence_repair_pe_self_ask,mitigation_final6_4tier_a100_20260503T121709Z_YS_REPAIR_final6_mitigation_missing_evidence_repair_pe_self_ask,cell_Y_plan_execute,Y,plan_execute,baseline,openai/Llama-3.1-8B-Instruct,e5e1331b99c22824949aa8e88a6bbe56b1ff8520,diagnostic,false,pre-PR173/final-six mitigation diagnostic cohort; not claim-grade after later runner and corpus fixes,partial,2026-05-03T13:52:34.820072+00:00,2026-05-03T14:13:24.537704+00:00,30,20,10,true,23w0nu0x,https://wandb.ai/assetopsbench-smartgrid/assetopsbench-smartgrid/runs/23w0nu0x,false,,,false,,,,,,,,wandb only
benchmarks/cell_Y_plan_execute/raw/mitigation_final6_5x6_4tier_post180_a100_ixqt_west3_20260504T2015Z_YS_ADJ_final6_mitigation_fault_risk_adjudication_pe_self_ask,mitigation_final6_5x6_4tier_post180_a100_ixqt_west3_20260504T2015Z_YS_ADJ_final6_mitigation_fault_risk_adjudication_pe_self_ask,cell_Y_plan_execute,Y,plan_execute,baseline,openai/Llama-3.1-8B-Instruct,97169f0d51ffea200c78e35d6ec47366124d88ae,superseded,false,post-PR180 scored cohort retained for provenance; superseded by post-PR175 clean-floor runs after PR #175 merged over PR #180,partial,2026-05-04T22:33:56.001153+00:00,2026-05-04T22:54:21.958533+00:00,30,25,5,false,,,false,,,false,,,,,,,,
benchmarks/cell_Y_plan_execute/raw/mitigation_final6_5x6_4tier_post180_a100_ixqt_west3_20260504T2015Z_YS_BASELINE_final6_mitigation_baseline_pe_self_ask,mitigation_final6_5x6_4tier_post180_a100_ixqt_west3_20260504T2015Z_YS_BASELINE_final6_mitigation_baseline_pe_self_ask,cell_Y_plan_execute,Y,plan_execute,baseline,openai/Llama-3.1-8B-Instruct,97169f0d51ffea200c78e35d6ec47366124d88ae,superseded,false,post-PR180 scored cohort retained for provenance; superseded by post-PR175 clean-floor runs after PR #175 merged over PR #180,partial,2026-05-04T20:13:21.656499+00:00,2026-05-04T20:32:49.709837+00:00,30,20,10,false,,,false,,,false,,,,,,,,
benchmarks/cell_Y_plan_execute/raw/mitigation_final6_5x6_4tier_post180_a100_ixqt_west3_20260504T2015Z_YS_GUARD_final6_mitigation_missing_evidence_guard_pe_self_ask,mitigation_final6_5x6_4tier_post180_a100_ixqt_west3_20260504T2015Z_YS_GUARD_final6_mitigation_missing_evidence_guard_pe_self_ask,cell_Y_plan_execute,Y,plan_execute,baseline,openai/Llama-3.1-8B-Instruct,97169f0d51ffea200c78e35d6ec47366124d88ae,superseded,false,post-PR180 scored cohort retained for provenance; superseded by post-PR175 clean-floor runs after PR #175 merged over PR #180,partial,2026-05-04T21:00:15.540704+00:00,2026-05-04T21:19:47.075451+00:00,30,15,15,false,,,false,,,false,,,,,,,,
benchmarks/cell_Y_plan_execute/raw/mitigation_final6_5x6_4tier_post180_a100_ixqt_west3_20260504T2015Z_YS_REPAIR_final6_mitigation_missing_evidence_repair_pe_self_ask,mitigation_final6_5x6_4tier_post180_a100_ixqt_west3_20260504T2015Z_YS_REPAIR_final6_mitigation_missing_evidence_repair_pe_self_ask,cell_Y_plan_execute,Y,plan_execute,baseline,openai/Llama-3.1-8B-Instruct,97169f0d51ffea200c78e35d6ec47366124d88ae,superseded,false,post-PR180 scored cohort retained for provenance; superseded by post-PR175 clean-floor runs after PR #175 merged over PR #180,partial,2026-05-04T21:47:12.496768+00:00,2026-05-04T22:07:28.322111+00:00,30,25,5,false,,,false,,,false,,,,,,,,
benchmarks/cell_Y16/raw/context_y_pe_post180_a100_ixqt_west3_20260505T0012Z_Y16_exp2_cell_Y_pe_mcp_baseline_16384,context_y_pe_post180_a100_ixqt_west3_20260505T0012Z_Y16_exp2_cell_Y_pe_mcp_baseline_16384,cell_Y16,Y16,plan_execute,baseline,openai/Llama-3.1-8B-Instruct,97169f0d51ffea200c78e35d6ec47366124d88ae,superseded,false,post-PR180 scored cohort retained for provenance; superseded by post-PR175 clean-floor runs after PR #175 merged over PR #180,success,2026-05-05T00:29:00.941364+00:00,2026-05-05T00:37:01.629817+00:00,12,12,0,false,,,false,,,false,,,,,,,,
benchmarks/cell_Y70B/raw/final15x3_70b_watsonx_post175_cpu_cu_a_yys_envrepair_20260505T0820Z_Y70B_post175_70b_exp2_cell_Y_pe_mcp_baseline_watsonx,final15x3_70b_watsonx_post175_cpu_cu_a_yys_envrepair_20260505T0820Z_Y70B_post175_70b_exp2_cell_Y_pe_mcp_baseline_watsonx,cell_Y70B,Y70B,plan_execute,baseline,watsonx/meta-llama/llama-3-3-70b-instruct,1913c6e4703425f735d8cb8297cb890ba66bbeff,paper_grade,true,"post-PR175 clean-floor evidence with expected raw JSON, latency, and judge counts",partial,2026-05-05T08:18:32.099692+00:00,2026-05-05T09:03:23.214227+00:00,45,33,12,false,,,false,,,false,,,,,,,,
benchmarks/cell_Y70B/raw/final6x3_70b_watsonx_post180_envfix_cpu_ixqt_20260504T2115Z_Y70B_final6x3_70b_exp2_cell_Y_pe_mcp_baseline_watsonx,final6x3_70b_watsonx_post180_envfix_cpu_ixqt_20260504T2115Z_Y70B_final6x3_70b_exp2_cell_Y_pe_mcp_baseline_watsonx,cell_Y70B,Y70B,plan_execute,baseline,watsonx/meta-llama/llama-3-3-70b-instruct,97169f0d51ffea200c78e35d6ec47366124d88ae,superseded,false,post-PR180 scored cohort retained for provenance; superseded by post-PR175 clean-floor runs after PR #175 merged over PR #180,partial,2026-05-04T21:39:39.537758+00:00,2026-05-04T21:52:34.830774+00:00,18,14,4,false,,,false,,,false,,,,,,,,
benchmarks/cell_Y70B/raw/topup15x2_70b_watsonx_post175_cpu_cu_a_yys_20260505T1010Z_Y70B_post175_70b_exp2_cell_Y_pe_mcp_baseline_watsonx,topup15x2_70b_watsonx_post175_cpu_cu_a_yys_20260505T1010Z_Y70B_post175_70b_exp2_cell_Y_pe_mcp_baseline_watsonx,cell_Y70B,Y70B,plan_execute,baseline,watsonx/meta-llama/llama-3-3-70b-instruct,1913c6e4703425f735d8cb8297cb890ba66bbeff,paper_grade,true,"post-PR175 clean-floor evidence with expected raw JSON, latency, and judge counts",partial,2026-05-05T10:08:30.937033+00:00,2026-05-05T10:29:23.587169+00:00,30,22,8,false,,,false,,,false,,,,,,,,
benchmarks/cell_Y8/raw/context_y_pe_post180_a100_ixqt_west3_20260505T0012Z_Y8_exp2_cell_Y_pe_mcp_baseline_8192,context_y_pe_post180_a100_ixqt_west3_20260505T0012Z_Y8_exp2_cell_Y_pe_mcp_baseline_8192,cell_Y8,Y8,plan_execute,baseline,openai/Llama-3.1-8B-Instruct,97169f0d51ffea200c78e35d6ec47366124d88ae,superseded,false,post-PR180 scored cohort retained for provenance; superseded by post-PR175 clean-floor runs after PR #175 merged over PR #180,success,2026-05-05T00:12:10.957594+00:00,2026-05-05T00:20:11.454264+00:00,12,12,0,false,,,false,,,false,,,,,,,,
benchmarks/cell_Y_plan_execute/raw/8998341_exp2_cell_Y_pe_self_ask_mcp_baseline,8998341_exp2_cell_Y_pe_self_ask_mcp_baseline,cell_Y_plan_execute,YS,plan_execute,baseline,openai/Llama-3.1-8B-Instruct,,,,,success,2026-04-28T00:11:55.062432+00:00,2026-04-28T00:21:56.018077+00:00,6,6,0,true,8m7ydfkh,https://wandb.ai/assetopsbench-smartgrid/assetopsbench-smartgrid/runs/8m7ydfkh,true,profiling/traces/8998341_exp2_cell_Y_pe_self_ask_mcp_baseline_torch,profiling-8m7ydfkh,false,,,,,,,,profiling artifact linked; summary stats absent from meta.json
benchmarks/cell_YS16/raw/context_selfask_verified_post180_a100_ixqt_west4_20260505T0012Z_YS16_exp2_cell_Y_pe_self_ask_mcp_baseline_16384,context_selfask_verified_post180_a100_ixqt_west4_20260505T0012Z_YS16_exp2_cell_Y_pe_self_ask_mcp_baseline_16384,cell_YS16,YS16,plan_execute,baseline,openai/Llama-3.1-8B-Instruct,97169f0d51ffea200c78e35d6ec47366124d88ae,superseded,false,post-PR180 scored cohort retained for provenance; superseded by post-PR175 clean-floor runs after PR #175 merged over PR #180,success,2026-05-05T00:12:11.008770+00:00,2026-05-05T00:20:41.302394+00:00,12,12,0,false,,,false,,,false,,,,,,,,
benchmarks/cell_YS70B/raw/final15x3_70b_watsonx_post175_cpu_cu_a_yys_envrepair_20260505T0820Z_YS70B_post175_70b_exp2_cell_YS_pe_self_ask_mcp_baseline_watsonx,final15x3_70b_watsonx_post175_cpu_cu_a_yys_envrepair_20260505T0820Z_YS70B_post175_70b_exp2_cell_YS_pe_self_ask_mcp_baseline_watsonx,cell_YS70B,YS70B,plan_execute,baseline,watsonx/meta-llama/llama-3-3-70b-instruct,1913c6e4703425f735d8cb8297cb890ba66bbeff,paper_grade,true,"post-PR175 clean-floor evidence with expected raw JSON, latency, and judge counts",partial,2026-05-05T09:04:19.934656+00:00,2026-05-05T09:56:43.797864+00:00,45,36,9,false,,,false,,,false,,,,,,,,
benchmarks/cell_YS70B/raw/final6x3_70b_watsonx_post180_envfix_cpu_ixqt_20260504T2115Z_YS70B_final6x3_70b_exp2_cell_YS_pe_self_ask_mcp_baseline_watsonx,final6x3_70b_watsonx_post180_envfix_cpu_ixqt_20260504T2115Z_YS70B_final6x3_70b_exp2_cell_YS_pe_self_ask_mcp_baseline_watsonx,cell_YS70B,YS70B,plan_execute,baseline,watsonx/meta-llama/llama-3-3-70b-instruct,97169f0d51ffea200c78e35d6ec47366124d88ae,superseded,false,post-PR180 scored cohort retained for provenance; superseded by post-PR175 clean-floor runs after PR #175 merged over PR #180,partial,2026-05-04T21:52:35.058926+00:00,2026-05-04T22:10:55.222693+00:00,18,12,6,false,,,false,,,false,,,,,,,,
benchmarks/cell_YS70B/raw/topup15x2_70b_watsonx_post175_cpu_cu_a_yys_20260505T1010Z_YS70B_post175_70b_exp2_cell_YS_pe_self_ask_mcp_baseline_watsonx,topup15x2_70b_watsonx_post175_cpu_cu_a_yys_20260505T1010Z_YS70B_post175_70b_exp2_cell_YS_pe_self_ask_mcp_baseline_watsonx,cell_YS70B,YS70B,plan_execute,baseline,watsonx/meta-llama/llama-3-3-70b-instruct,1913c6e4703425f735d8cb8297cb890ba66bbeff,paper_grade,true,"post-PR175 clean-floor evidence with expected raw JSON, latency, and judge counts",partial,2026-05-05T10:30:05.962387+00:00,2026-05-05T10:52:57.145981+00:00,30,24,6,false,,,false,,,false,,,,,,,,
benchmarks/cell_Z_hybrid/raw/8998342_exp2_cell_Z_verified_pe_mcp_baseline,8998342_exp2_cell_Z_verified_pe_mcp_baseline,cell_Z_hybrid,Z,verified_pe,baseline,openai/Llama-3.1-8B-Instruct,,,,,success,2026-04-28T00:11:55.062819+00:00,2026-04-28T00:27:15.400509+00:00,6,6,0,true,x2rhhqb7,https://wandb.ai/assetopsbench-smartgrid/assetopsbench-smartgrid/runs/x2rhhqb7,true,profiling/traces/8998342_exp2_cell_Z_verified_pe_mcp_baseline_torch,profiling-x2rhhqb7,false,,,,,,,,profiling artifact linked; summary stats absent from meta.json
benchmarks/cell_Z_hybrid/raw/9125455_replicate_zs_a6000_2x3,9125455_replicate_zs_a6000_2x3,cell_Z_hybrid,Z,verified_pe,baseline,openai/Llama-3.1-8B-Instruct,,,,,success,2026-05-04T02:14:06.993190+00:00,2026-05-04T02:29:30.597282+00:00,6,6,0,true,903wuvk6,https://wandb.ai/assetopsbench-smartgrid/assetopsbench-smartgrid/runs/903wuvk6,false,,,false,,,,,,,,wandb only
benchmarks/cell_Z_hybrid/raw/9125461_replicate_z_a6000_2x3,9125461_replicate_z_a6000_2x3,cell_Z_hybrid,Z,verified_pe,baseline,openai/Llama-3.1-8B-Instruct,,,,,success,2026-05-04T02:53:35.596827+00:00,2026-05-04T03:11:42.569450+00:00,6,6,0,true,gwgstddd,https://wandb.ai/assetopsbench-smartgrid/assetopsbench-smartgrid/runs/gwgstddd,false,,,false,,,,,,,,wandb only
benchmarks/cell_Z_hybrid/raw/9125462_replicate_z_h100_2x3,9125462_replicate_z_h100_2x3,cell_Z_hybrid,Z,verified_pe,baseline,openai/Llama-3.1-8B-Instruct,,,,,success,2026-05-04T02:43:06.667561+00:00,2026-05-04T02:53:11.269482+00:00,6,6,0,true,xf93eglq,https://wandb.ai/assetopsbench-smartgrid/assetopsbench-smartgrid/runs/xf93eglq,false,,,false,,,,,,,,wandb only
benchmarks/cell_Z_hybrid/raw/9125463_replicate_zs_h100_2x3,9125463_replicate_zs_h100_2x3,cell_Z_hybrid,Z,verified_pe,baseline,openai/Llama-3.1-8B-Instruct,,,,,success,2026-05-04T02:53:50.265810+00:00,2026-05-04T03:01:44.789688+00:00,6,6,0,true,axv73cgn,https://wandb.ai/assetopsbench-smartgrid/assetopsbench-smartgrid/runs/axv73cgn,false,,,false,,,,,,,,wandb only
benchmarks/cell_Z_hybrid/raw/core15x5_post175_a100_ixqt_west3_20260505T0724Z_Z_post175_15x5_exp2_cell_Z_verified_pe_mcp_baseline,core15x5_post175_a100_ixqt_west3_20260505T0724Z_Z_post175_15x5_exp2_cell_Z_verified_pe_mcp_baseline,cell_Z_hybrid,Z,verified_pe,baseline,openai/Llama-3.1-8B-Instruct,1913c6e4703425f735d8cb8297cb890ba66bbeff,paper_grade,true,"post-PR175 clean-floor evidence with expected raw JSON, latency, and judge counts",partial,2026-05-05T07:20:00.465550+00:00,2026-05-05T08:11:44.351302+00:00,75,65,10,true,69cqsa7u,https://wandb.ai/assetopsbench-smartgrid/assetopsbench-smartgrid/runs/69cqsa7u,false,,,false,,,,,,,,wandb only
benchmarks/cell_Z_hybrid/raw/core15x5_post175_a100_ixqt_west4_20260505T0724Z_ZS_post175_15x5_exp2_cell_ZS_verified_pe_self_ask_mcp_baseline,core15x5_post175_a100_ixqt_west4_20260505T0724Z_ZS_post175_15x5_exp2_cell_ZS_verified_pe_self_ask_mcp_baseline,cell_Z_hybrid,Z,verified_pe,baseline,openai/Llama-3.1-8B-Instruct,1913c6e4703425f735d8cb8297cb890ba66bbeff,paper_grade,true,"post-PR175 clean-floor evidence with expected raw JSON, latency, and judge counts",partial,2026-05-05T07:20:00.513402+00:00,2026-05-05T08:12:48.163008+00:00,75,60,15,true,5s6lr95f,https://wandb.ai/assetopsbench-smartgrid/assetopsbench-smartgrid/runs/5s6lr95f,false,,,false,,,,,,,,wandb only
benchmarks/cell_Z_hybrid/raw/core_rem16x5_post175_a100_ixqt_west4_20260505T0918Z_ZS_post175_15x5_exp2_cell_ZS_verified_pe_self_ask_mcp_baseline,core_rem16x5_post175_a100_ixqt_west4_20260505T0918Z_ZS_post175_15x5_exp2_cell_ZS_verified_pe_self_ask_mcp_baseline,cell_Z_hybrid,Z,verified_pe,baseline,openai/Llama-3.1-8B-Instruct,1913c6e4703425f735d8cb8297cb890ba66bbeff,paper_grade,true,"post-PR175 clean-floor evidence with expected raw JSON, latency, and judge counts",partial,2026-05-05T10:08:28.044460+00:00,2026-05-05T10:56:22.384899+00:00,80,70,10,true,jvlmbpxd,https://wandb.ai/assetopsbench-smartgrid/assetopsbench-smartgrid/runs/jvlmbpxd,false,,,false,,,,,,,,wandb only
benchmarks/cell_Z_hybrid/raw/core_rem16x5_post175_a100_ixqt_west4_20260505T0918Z_Z_post175_15x5_exp2_cell_Z_verified_pe_mcp_baseline,core_rem16x5_post175_a100_ixqt_west4_20260505T0918Z_Z_post175_15x5_exp2_cell_Z_verified_pe_mcp_baseline,cell_Z_hybrid,Z,verified_pe,baseline,openai/Llama-3.1-8B-Instruct,1913c6e4703425f735d8cb8297cb890ba66bbeff,paper_grade,true,"post-PR175 clean-floor evidence with expected raw JSON, latency, and judge counts",partial,2026-05-05T09:17:49.628865+00:00,2026-05-05T10:07:45.408043+00:00,80,70,10,true,k0l66qhn,https://wandb.ai/assetopsbench-smartgrid/assetopsbench-smartgrid/runs/k0l66qhn,false,,,false,,,,,,,,wandb only
benchmarks/cell_Z_hybrid/raw/final5x6_a100_20260503T090200Z_ZS_final5x6_exp2_cell_Z_verified_pe_self_ask_mcp_baseline,final5x6_a100_20260503T090200Z_ZS_final5x6_exp2_cell_Z_verified_pe_self_ask_mcp_baseline,cell_Z_hybrid,Z,verified_pe,baseline,openai/Llama-3.1-8B-Instruct,e5e1331b99c22824949aa8e88a6bbe56b1ff8520,superseded,false,legacy final-six A100 matrix predates the post-PR175 31-scenario evidence set,partial,2026-05-03T11:25:48.335283+00:00,2026-05-03T11:52:13.249289+00:00,30,20,10,true,lj8h5e1r,https://wandb.ai/assetopsbench-smartgrid/assetopsbench-smartgrid/runs/lj8h5e1r,false,,,false,,,,,,,,wandb only
benchmarks/cell_Z_hybrid/raw/final5x6_a100_20260503T090200Z_Z_final5x6_exp2_cell_Z_verified_pe_mcp_baseline,final5x6_a100_20260503T090200Z_Z_final5x6_exp2_cell_Z_verified_pe_mcp_baseline,cell_Z_hybrid,Z,verified_pe,baseline,openai/Llama-3.1-8B-Instruct,e5e1331b99c22824949aa8e88a6bbe56b1ff8520,superseded,false,legacy final-six A100 matrix predates the post-PR175 31-scenario evidence set,partial,2026-05-03T11:00:39.276528+00:00,2026-05-03T11:25:05.627209+00:00,30,25,5,true,u8zygs68,https://wandb.ai/assetopsbench-smartgrid/assetopsbench-smartgrid/runs/u8zygs68,false,,,false,,,,,,,,wandb only
benchmarks/cell_Z_hybrid/raw/final5x6_followon_transport_a100_20260503T142516Z_ZS_TP_final5x6_exp2_cell_ZS_verified_pe_self_ask_mcp_optimized,final5x6_followon_transport_a100_20260503T142516Z_ZS_TP_final5x6_exp2_cell_ZS_verified_pe_self_ask_mcp_optimized,cell_Z_hybrid,Z,verified_pe,optimized,openai/Llama-3.1-8B-Instruct,e5e1331b99c22824949aa8e88a6bbe56b1ff8520,superseded,false,legacy final-six A100 matrix predates the post-PR175 31-scenario evidence set,partial,2026-05-03T15:42:07.725785+00:00,2026-05-03T16:02:21.365746+00:00,30,20,10,true,z2nd6o0m,https://wandb.ai/assetopsbench-smartgrid/assetopsbench-smartgrid/runs/z2nd6o0m,false,,,false,,,,,,,,wandb only
benchmarks/cell_Z_hybrid/raw/final5x6_followon_transport_post180_a100_ixqt_west4_20260504T2205Z_ZS_TP_final5x6_exp2_cell_ZS_verified_pe_self_ask_mcp_optimized,final5x6_followon_transport_post180_a100_ixqt_west4_20260504T2205Z_ZS_TP_final5x6_exp2_cell_ZS_verified_pe_self_ask_mcp_optimized,cell_Z_hybrid,Z,verified_pe,optimized,openai/Llama-3.1-8B-Instruct,97169f0d51ffea200c78e35d6ec47366124d88ae,superseded,false,post-PR180 scored cohort retained for provenance; superseded by post-PR175 clean-floor runs after PR #175 merged over PR #180,partial,2026-05-04T22:21:17.922627+00:00,2026-05-04T22:41:10.966374+00:00,30,20,10,false,,,false,,,false,,,,,,,,
benchmarks/cell_Z_hybrid/raw/final5x6_pe_core_post180_a100_ixqt_west4_20260504T2015Z_ZS_final5x6_exp2_cell_Z_verified_pe_self_ask_mcp_baseline,final5x6_pe_core_post180_a100_ixqt_west4_20260504T2015Z_ZS_final5x6_exp2_cell_Z_verified_pe_self_ask_mcp_baseline,cell_Z_hybrid,Z,verified_pe,baseline,openai/Llama-3.1-8B-Instruct,97169f0d51ffea200c78e35d6ec47366124d88ae,superseded,false,post-PR180 scored cohort retained for provenance; superseded by post-PR175 clean-floor runs after PR #175 merged over PR #180,partial,2026-05-04T21:16:24.510397+00:00,2026-05-04T21:42:11.971344+00:00,30,20,10,false,,,false,,,false,,,,,,,,
benchmarks/cell_Z_hybrid/raw/final5x6_pe_core_post180_a100_ixqt_west4_20260504T2015Z_Z_final5x6_exp2_cell_Z_verified_pe_mcp_baseline,final5x6_pe_core_post180_a100_ixqt_west4_20260504T2015Z_Z_final5x6_exp2_cell_Z_verified_pe_mcp_baseline,cell_Z_hybrid,Z,verified_pe,baseline,openai/Llama-3.1-8B-Instruct,97169f0d51ffea200c78e35d6ec47366124d88ae,superseded,false,post-PR180 scored cohort retained for provenance; superseded by post-PR175 clean-floor runs after PR #175 merged over PR #180,partial,2026-05-04T20:51:48.300614+00:00,2026-05-04T21:15:34.320323+00:00,30,25,5,false,,,false,,,false,,,,,,,,
benchmarks/cell_Z_hybrid/raw/followon15x5_post175_a100_cu_20260505T0810Z_ZS_TP_post175_15x5_exp2_cell_ZS_verified_pe_self_ask_mcp_optimized,followon15x5_post175_a100_cu_20260505T0810Z_ZS_TP_post175_15x5_exp2_cell_ZS_verified_pe_self_ask_mcp_optimized,cell_Z_hybrid,Z,verified_pe,optimized,openai/Llama-3.1-8B-Instruct,1913c6e4703425f735d8cb8297cb890ba66bbeff,paper_grade,true,"post-PR175 clean-floor evidence with expected raw JSON, latency, and judge counts",partial,2026-05-05T08:38:59.754185+00:00,2026-05-05T09:18:46.762333+00:00,75,65,10,true,vrz3a3l4,https://wandb.ai/assetopsbench-smartgrid/assetopsbench-smartgrid/runs/vrz3a3l4,false,,,false,,,,,,,,wandb only
benchmarks/cell_Z_hybrid/raw/mitigation15x5_4tier_post175_a100_ixqt_west3_20260505T0845Z_ZS_ADJ_post175_15x5_mitigation_adjudication_verified_pe_self_ask,mitigation15x5_4tier_post175_a100_ixqt_west3_20260505T0845Z_ZS_ADJ_post175_15x5_mitigation_adjudication_verified_pe_self_ask,cell_Z_hybrid,Z,verified_pe,baseline,openai/Llama-3.1-8B-Instruct,1913c6e4703425f735d8cb8297cb890ba66bbeff,paper_grade,true,"post-PR175 clean-floor evidence with expected raw JSON, latency, and judge counts",partial,2026-05-05T14:06:33.052494+00:00,2026-05-05T14:58:26.185714+00:00,75,64,11,true,w658bgtr,https://wandb.ai/assetopsbench-smartgrid/assetopsbench-smartgrid/runs/w658bgtr,false,,,false,,,,,,,,wandb only
benchmarks/cell_Z_hybrid/raw/mitigation15x5_4tier_post175_a100_ixqt_west3_20260505T0845Z_ZS_BASELINE_post175_15x5_mitigation_baseline_verified_pe_self_ask,mitigation15x5_4tier_post175_a100_ixqt_west3_20260505T0845Z_ZS_BASELINE_post175_15x5_mitigation_baseline_verified_pe_self_ask,cell_Z_hybrid,Z,verified_pe,baseline,openai/Llama-3.1-8B-Instruct,1913c6e4703425f735d8cb8297cb890ba66bbeff,paper_grade,true,"post-PR175 clean-floor evidence with expected raw JSON, latency, and judge counts",partial,2026-05-05T09:25:39.768662+00:00,2026-05-05T10:18:01.234930+00:00,75,60,15,true,avx95fjp,https://wandb.ai/assetopsbench-smartgrid/assetopsbench-smartgrid/runs/avx95fjp,false,,,false,,,,,,,,wandb only
benchmarks/cell_Z_hybrid/raw/mitigation15x5_4tier_post175_a100_ixqt_west3_20260505T0845Z_ZS_GUARD_post175_15x5_mitigation_guard_verified_pe_self_ask,mitigation15x5_4tier_post175_a100_ixqt_west3_20260505T0845Z_ZS_GUARD_post175_15x5_mitigation_guard_verified_pe_self_ask,cell_Z_hybrid,Z,verified_pe,baseline,openai/Llama-3.1-8B-Instruct,1913c6e4703425f735d8cb8297cb890ba66bbeff,paper_grade,true,"post-PR175 clean-floor evidence with expected raw JSON, latency, and judge counts",partial,2026-05-05T10:58:41.379302+00:00,2026-05-05T11:51:06.484931+00:00,75,50,25,true,nu4y1yr1,https://wandb.ai/assetopsbench-smartgrid/assetopsbench-smartgrid/runs/nu4y1yr1,false,,,false,,,,,,,,wandb only
benchmarks/cell_Z_hybrid/raw/mitigation15x5_4tier_post175_a100_ixqt_west3_20260505T0845Z_ZS_REPAIR_post175_15x5_mitigation_repair_verified_pe_self_ask,mitigation15x5_4tier_post175_a100_ixqt_west3_20260505T0845Z_ZS_REPAIR_post175_15x5_mitigation_repair_verified_pe_self_ask,cell_Z_hybrid,Z,verified_pe,baseline,openai/Llama-3.1-8B-Instruct,1913c6e4703425f735d8cb8297cb890ba66bbeff,paper_grade,true,"post-PR175 clean-floor evidence with expected raw JSON, latency, and judge counts",partial,2026-05-05T12:32:55.223892+00:00,2026-05-05T13:24:15.324788+00:00,75,64,11,true,rpsc3kxt,https://wandb.ai/assetopsbench-smartgrid/assetopsbench-smartgrid/runs/rpsc3kxt,false,,,false,,,,,,,,wandb only
benchmarks/cell_Z_hybrid/raw/mitigation_final6_4tier_a100_20260503T121709Z_ZS_ADJ_final6_mitigation_fault_risk_adjudication_verified_pe_self_ask,mitigation_final6_4tier_a100_20260503T121709Z_ZS_ADJ_final6_mitigation_fault_risk_adjudication_verified_pe_self_ask,cell_Z_hybrid,Z,verified_pe,baseline,openai/Llama-3.1-8B-Instruct,e5e1331b99c22824949aa8e88a6bbe56b1ff8520,diagnostic,false,pre-PR173/final-six mitigation diagnostic cohort; not claim-grade after later runner and corpus fixes,partial,2026-05-03T15:01:34.951972+00:00,2026-05-03T15:26:24.108252+00:00,30,15,15,true,5byp1vec,https://wandb.ai/assetopsbench-smartgrid/assetopsbench-smartgrid/runs/5byp1vec,false,,,false,,,,,,,,wandb only
benchmarks/cell_Z_hybrid/raw/mitigation_final6_4tier_a100_20260503T121709Z_ZS_BASELINE_final6_mitigation_baseline_verified_pe_self_ask,mitigation_final6_4tier_a100_20260503T121709Z_ZS_BASELINE_final6_mitigation_baseline_verified_pe_self_ask,cell_Z_hybrid,Z,verified_pe,baseline,openai/Llama-3.1-8B-Instruct,e5e1331b99c22824949aa8e88a6bbe56b1ff8520,diagnostic,false,pre-PR173/final-six mitigation diagnostic cohort; not claim-grade after later runner and corpus fixes,partial,2026-05-03T12:37:58.217666+00:00,2026-05-03T13:04:13.068067+00:00,30,20,10,true,2hf3oek3,https://wandb.ai/assetopsbench-smartgrid/assetopsbench-smartgrid/runs/2hf3oek3,false,,,false,,,,,,,,wandb only
benchmarks/cell_Z_hybrid/raw/mitigation_final6_4tier_a100_20260503T121709Z_ZS_GUARD_final6_mitigation_missing_evidence_guard_verified_pe_self_ask,mitigation_final6_4tier_a100_20260503T121709Z_ZS_GUARD_final6_mitigation_missing_evidence_guard_verified_pe_self_ask,cell_Z_hybrid,Z,verified_pe,baseline,openai/Llama-3.1-8B-Instruct,e5e1331b99c22824949aa8e88a6bbe56b1ff8520,diagnostic,false,pre-PR173/final-six mitigation diagnostic cohort; not claim-grade after later runner and corpus fixes,partial,2026-05-03T13:25:42.080799+00:00,2026-05-03T13:51:54.027612+00:00,30,15,15,true,ha2nc4k9,https://wandb.ai/assetopsbench-smartgrid/assetopsbench-smartgrid/runs/ha2nc4k9,false,,,false,,,,,,,,wandb only
benchmarks/cell_Z_hybrid/raw/mitigation_final6_4tier_a100_20260503T121709Z_ZS_REPAIR_final6_mitigation_missing_evidence_repair_verified_pe_self_ask,mitigation_final6_4tier_a100_20260503T121709Z_ZS_REPAIR_final6_mitigation_missing_evidence_repair_verified_pe_self_ask,cell_Z_hybrid,Z,verified_pe,baseline,openai/Llama-3.1-8B-Instruct,e5e1331b99c22824949aa8e88a6bbe56b1ff8520,diagnostic,false,pre-PR173/final-six mitigation diagnostic cohort; not claim-grade after later runner and corpus fixes,partial,2026-05-03T14:14:09.943408+00:00,2026-05-03T14:39:29.807479+00:00,30,20,10,true,ja1cxdyq,https://wandb.ai/assetopsbench-smartgrid/assetopsbench-smartgrid/runs/ja1cxdyq,false,,,false,,,,,,,,wandb only
benchmarks/cell_Z_hybrid/raw/mitigation_final6_5x6_4tier_post180_a100_ixqt_west3_20260504T2015Z_ZS_ADJ_final6_mitigation_fault_risk_adjudication_verified_pe_self_ask,mitigation_final6_5x6_4tier_post180_a100_ixqt_west3_20260504T2015Z_ZS_ADJ_final6_mitigation_fault_risk_adjudication_verified_pe_self_ask,cell_Z_hybrid,Z,verified_pe,baseline,openai/Llama-3.1-8B-Instruct,97169f0d51ffea200c78e35d6ec47366124d88ae,superseded,false,post-PR180 scored cohort retained for provenance; superseded by post-PR175 clean-floor runs after PR #175 merged over PR #180,partial,2026-05-04T22:55:09.783191+00:00,2026-05-04T23:19:59.840583+00:00,30,25,5,false,,,false,,,false,,,,,,,,
benchmarks/cell_Z_hybrid/raw/mitigation_final6_5x6_4tier_post180_a100_ixqt_west3_20260504T2015Z_ZS_BASELINE_final6_mitigation_baseline_verified_pe_self_ask,mitigation_final6_5x6_4tier_post180_a100_ixqt_west3_20260504T2015Z_ZS_BASELINE_final6_mitigation_baseline_verified_pe_self_ask,cell_Z_hybrid,Z,verified_pe,baseline,openai/Llama-3.1-8B-Instruct,97169f0d51ffea200c78e35d6ec47366124d88ae,superseded,false,post-PR180 scored cohort retained for provenance; superseded by post-PR175 clean-floor runs after PR #175 merged over PR #180,partial,2026-05-04T20:33:38.638974+00:00,2026-05-04T20:59:23.260987+00:00,30,20,10,false,,,false,,,false,,,,,,,,
benchmarks/cell_Z_hybrid/raw/mitigation_final6_5x6_4tier_post180_a100_ixqt_west3_20260504T2015Z_ZS_GUARD_final6_mitigation_missing_evidence_guard_verified_pe_self_ask,mitigation_final6_5x6_4tier_post180_a100_ixqt_west3_20260504T2015Z_ZS_GUARD_final6_mitigation_missing_evidence_guard_verified_pe_self_ask,cell_Z_hybrid,Z,verified_pe,baseline,openai/Llama-3.1-8B-Instruct,97169f0d51ffea200c78e35d6ec47366124d88ae,superseded,false,post-PR180 scored cohort retained for provenance; superseded by post-PR175 clean-floor runs after PR #175 merged over PR #180,partial,2026-05-04T21:20:38.109362+00:00,2026-05-04T21:46:22.764634+00:00,30,15,15,false,,,false,,,false,,,,,,,,
benchmarks/cell_Z_hybrid/raw/mitigation_final6_5x6_4tier_post180_a100_ixqt_west3_20260504T2015Z_ZS_REPAIR_final6_mitigation_missing_evidence_repair_verified_pe_self_ask,mitigation_final6_5x6_4tier_post180_a100_ixqt_west3_20260504T2015Z_ZS_REPAIR_final6_mitigation_missing_evidence_repair_verified_pe_self_ask,cell_Z_hybrid,Z,verified_pe,baseline,openai/Llama-3.1-8B-Instruct,97169f0d51ffea200c78e35d6ec47366124d88ae,superseded,false,post-PR180 scored cohort retained for provenance; superseded by post-PR175 clean-floor runs after PR #175 merged over PR #180,partial,2026-05-04T22:08:19.757937+00:00,2026-05-04T22:33:06.380626+00:00,30,25,5,false,,,false,,,false,,,,,,,,
benchmarks/cell_Z70B/raw/final15x3_70b_watsonx_post175_cpu_cu_b_zzs_envrepair_20260505T0820Z_Z70B_post175_70b_exp2_cell_Z_verified_pe_mcp_baseline_watsonx,final15x3_70b_watsonx_post175_cpu_cu_b_zzs_envrepair_20260505T0820Z_Z70B_post175_70b_exp2_cell_Z_verified_pe_mcp_baseline_watsonx,cell_Z70B,Z70B,verified_pe,baseline,watsonx/meta-llama/llama-3-3-70b-instruct,1913c6e4703425f735d8cb8297cb890ba66bbeff,paper_grade,true,"post-PR175 clean-floor evidence with expected raw JSON, latency, and judge counts",partial,2026-05-05T08:18:28.397669+00:00,2026-05-05T09:04:03.919264+00:00,45,28,17,false,,,false,,,false,,,,,,,,
benchmarks/cell_Z70B/raw/final6x3_70b_watsonx_post180_envfix_cpu_ixqt_20260504T2115Z_Z70B_final6x3_70b_exp2_cell_Z_verified_pe_mcp_baseline_watsonx,final6x3_70b_watsonx_post180_envfix_cpu_ixqt_20260504T2115Z_Z70B_final6x3_70b_exp2_cell_Z_verified_pe_mcp_baseline_watsonx,cell_Z70B,Z70B,verified_pe,baseline,watsonx/meta-llama/llama-3-3-70b-instruct,97169f0d51ffea200c78e35d6ec47366124d88ae,superseded,false,post-PR180 scored cohort retained for provenance; superseded by post-PR175 clean-floor runs after PR #175 merged over PR #180,partial,2026-05-04T22:10:55.437733+00:00,2026-05-04T22:36:50.018039+00:00,18,13,5,false,,,false,,,false,,,,,,,,
benchmarks/cell_Z70B/raw/topup15x2_70b_watsonx_post175_cpu_cu_b_zzs_20260505T1010Z_Z70B_post175_70b_exp2_cell_Z_verified_pe_mcp_baseline_watsonx,topup15x2_70b_watsonx_post175_cpu_cu_b_zzs_20260505T1010Z_Z70B_post175_70b_exp2_cell_Z_verified_pe_mcp_baseline_watsonx,cell_Z70B,Z70B,verified_pe,baseline,watsonx/meta-llama/llama-3-3-70b-instruct,1913c6e4703425f735d8cb8297cb890ba66bbeff,paper_grade,true,"post-PR175 clean-floor evidence with expected raw JSON, latency, and judge counts",partial,2026-05-05T10:08:29.391728+00:00,2026-05-05T10:32:08.678421+00:00,30,17,13,false,,,false,,,false,,,,,,,,
benchmarks/cell_Z_hybrid/raw/8998343_exp2_cell_Z_verified_pe_self_ask_mcp_baseline,8998343_exp2_cell_Z_verified_pe_self_ask_mcp_baseline,cell_Z_hybrid,ZS,verified_pe,baseline,openai/Llama-3.1-8B-Instruct,,,,,success,2026-04-28T00:14:05.286141+00:00,2026-04-28T00:22:26.021904+00:00,6,6,0,true,5w69pzry,https://wandb.ai/assetopsbench-smartgrid/assetopsbench-smartgrid/runs/5w69pzry,true,profiling/traces/8998343_exp2_cell_Z_verified_pe_self_ask_mcp_baseline_torch,profiling-5w69pzry,false,,,,,,,,profiling artifact linked; summary stats absent from meta.json
benchmarks/cell_ZS16/raw/context_selfask_verified_post180_a100_ixqt_west4_20260505T0012Z_ZS16_exp2_cell_Z_verified_pe_self_ask_mcp_baseline_16384,context_selfask_verified_post180_a100_ixqt_west4_20260505T0012Z_ZS16_exp2_cell_Z_verified_pe_self_ask_mcp_baseline_16384,cell_ZS16,ZS16,verified_pe,baseline,openai/Llama-3.1-8B-Instruct,97169f0d51ffea200c78e35d6ec47366124d88ae,superseded,false,post-PR180 scored cohort retained for provenance; superseded by post-PR175 clean-floor runs after PR #175 merged over PR #180,success,2026-05-05T00:21:06.449861+00:00,2026-05-05T00:32:22.448474+00:00,12,12,0,false,,,false,,,false,,,,,,,,
benchmarks/cell_ZS70B/raw/final15x3_70b_watsonx_post175_cpu_cu_b_zzs_envrepair_20260505T0820Z_ZS70B_post175_70b_exp2_cell_ZS_verified_pe_self_ask_mcp_baseline_watsonx,final15x3_70b_watsonx_post175_cpu_cu_b_zzs_envrepair_20260505T0820Z_ZS70B_post175_70b_exp2_cell_ZS_verified_pe_self_ask_mcp_baseline_watsonx,cell_ZS70B,ZS70B,verified_pe,baseline,watsonx/meta-llama/llama-3-3-70b-instruct,1913c6e4703425f735d8cb8297cb890ba66bbeff,paper_grade,true,"post-PR175 clean-floor evidence with expected raw JSON, latency, and judge counts",partial,2026-05-05T09:05:12.686366+00:00,2026-05-05T10:00:21.147864+00:00,45,29,16,false,,,false,,,false,,,,,,,,
benchmarks/cell_ZS70B/raw/final6x3_70b_watsonx_post180_envfix_cpu_ixqt_20260504T2115Z_ZS70B_final6x3_70b_exp2_cell_ZS_verified_pe_self_ask_mcp_baseline_watsonx,final6x3_70b_watsonx_post180_envfix_cpu_ixqt_20260504T2115Z_ZS70B_final6x3_70b_exp2_cell_ZS_verified_pe_self_ask_mcp_baseline_watsonx,cell_ZS70B,ZS70B,verified_pe,baseline,watsonx/meta-llama/llama-3-3-70b-instruct,97169f0d51ffea200c78e35d6ec47366124d88ae,superseded,false,post-PR180 scored cohort retained for provenance; superseded by post-PR175 clean-floor runs after PR #175 merged over PR #180,partial,2026-05-04T22:36:50.232533+00:00,2026-05-04T23:03:18.011961+00:00,18,12,6,false,,,false,,,false,,,,,,,,
benchmarks/cell_ZS70B/raw/topup15x2_70b_watsonx_post175_cpu_cu_b_zzs_20260505T1010Z_ZS70B_post175_70b_exp2_cell_ZS_verified_pe_self_ask_mcp_baseline_watsonx,topup15x2_70b_watsonx_post175_cpu_cu_b_zzs_20260505T1010Z_ZS70B_post175_70b_exp2_cell_ZS_verified_pe_self_ask_mcp_baseline_watsonx,cell_ZS70B,ZS70B,verified_pe,baseline,watsonx/meta-llama/llama-3-3-70b-instruct,1913c6e4703425f735d8cb8297cb890ba66bbeff,paper_grade,true,"post-PR175 clean-floor evidence with expected raw JSON, latency, and judge counts",partial,2026-05-05T10:32:51.297858+00:00,2026-05-05T10:57:21.749585+00:00,30,22,8,false,,,false,,,false,,,,,,,,
benchmarks/cell_ZSD/raw/9074775_exp2_cell_ZSD_verified_pe_self_ask_mcp_model_optimized,9074775_exp2_cell_ZSD_verified_pe_self_ask_mcp_model_optimized,cell_ZSD,ZSD,verified_pe,optimized,openai/Llama-3.1-8B-Instruct-int8,,superseded,false,non-post-PR175 scored cohort retained for provenance; superseded by post-PR175 pulled evidence,success,2026-04-30T07:59:07.038151+00:00,2026-04-30T08:11:14.307679+00:00,6,6,0,true,48nqpclw,https://wandb.ai/assetopsbench-smartgrid/assetopsbench-smartgrid/runs/48nqpclw,true,profiling/traces/9074775_exp2_cell_ZSD_verified_pe_self_ask_mcp_model_optimized_torch,profiling-48nqpclw,false,,,,,,,,profiling artifact linked; summary stats absent from meta.json
benchmarks/cell_ZSD/raw/extra15x5_post175_a100_ixqt_west4_20260505T0815Z_ZSD_post175_15x5_exp2_cell_ZSD_verified_pe_self_ask_mcp_model_optimized,extra15x5_post175_a100_ixqt_west4_20260505T0815Z_ZSD_post175_15x5_exp2_cell_ZSD_verified_pe_self_ask_mcp_model_optimized,cell_ZSD,ZSD,verified_pe,optimized,openai/Llama-3.1-8B-Instruct-int8,1913c6e4703425f735d8cb8297cb890ba66bbeff,paper_grade,true,"post-PR175 clean-floor evidence with expected raw JSON, latency, and judge counts",partial,2026-05-05T08:14:44.568389+00:00,2026-05-05T08:52:15.688857+00:00,75,54,21,true,i9qpulqi,https://wandb.ai/assetopsbench-smartgrid/assetopsbench-smartgrid/runs/i9qpulqi,false,,,false,,,,,,,,wandb only
benchmarks/cell_ZSD/raw/final5x6_extra_a100_20260503T115304Z_ZSD_final5x6_exp2_cell_ZSD_verified_pe_self_ask_mcp_model_optimized,final5x6_extra_a100_20260503T115304Z_ZSD_final5x6_exp2_cell_ZSD_verified_pe_self_ask_mcp_model_optimized,cell_ZSD,ZSD,verified_pe,optimized,openai/Llama-3.1-8B-Instruct-int8,e5e1331b99c22824949aa8e88a6bbe56b1ff8520,superseded,false,legacy final-six A100 matrix predates the post-PR175 31-scenario evidence set,partial,2026-05-03T12:01:24.719895+00:00,2026-05-03T12:16:24.947925+00:00,30,16,14,true,00n4cu3g,https://wandb.ai/assetopsbench-smartgrid/assetopsbench-smartgrid/runs/00n4cu3g,false,,,false,,,,,,,,wandb only
benchmarks/cell_ZSD/raw/final5x6_zsd_extra_post180_a100_ixqt_west4_20260504T2308Z_ZSD_final5x6_exp2_cell_ZSD_verified_pe_self_ask_mcp_model_optimized,final5x6_zsd_extra_post180_a100_ixqt_west4_20260504T2308Z_ZSD_final5x6_exp2_cell_ZSD_verified_pe_self_ask_mcp_model_optimized,cell_ZSD,ZSD,verified_pe,optimized,openai/Llama-3.1-8B-Instruct-int8,97169f0d51ffea200c78e35d6ec47366124d88ae,superseded,false,post-PR180 scored cohort retained for provenance; superseded by post-PR175 clean-floor runs after PR #175 merged over PR #180,partial,2026-05-04T23:09:04.298224+00:00,2026-05-04T23:23:54.721595+00:00,30,16,14,false,,,false,,,false,,,,,,,,
benchmarks/cell_ZSD16/raw/context_selfask_verified_post180_a100_ixqt_west4_20260505T0012Z_ZSD16_exp2_cell_ZSD_verified_pe_self_ask_mcp_model_optimized_16384,context_selfask_verified_post180_a100_ixqt_west4_20260505T0012Z_ZSD16_exp2_cell_ZSD_verified_pe_self_ask_mcp_model_optimized_16384,cell_ZSD16,ZSD16,verified_pe,optimized,openai/Llama-3.1-8B-Instruct-int8,97169f0d51ffea200c78e35d6ec47366124d88ae,superseded,false,post-PR180 scored cohort retained for provenance; superseded by post-PR175 clean-floor runs after PR #175 merged over PR #180,partial,2026-05-05T00:32:46.660331+00:00,2026-05-05T00:39:02.306563+00:00,12,8,4,false,,,false,,,false,,,,,,,,
