scenario_id,source_type,provenance_batch_id,domain,asset_id,nearest_handcrafted_scenario_id,nearest_handcrafted_embedded,realism_rating,novelty_rating,tool_path_rating,benchmark_usefulness_rating,disposition,needs_edit,promotion_decision,validator_notes,required_edit
SGT-GEN-001,generated,first_review_20260502,FMSR,T-005,fmsr_05_dga_record_lookup_explain,fmsr_01_dga_fault_mode_diagnosis,accept,distinct,good,maybe,accept_with_edits,true,promote_with_edits,"T-005 fixture fault_label=Normal which matches gt.final_value.primary_fault=Normal/no active fault; tool-path get_dga_record + analyze_dga is correct; must_include labels (normal/no active fault, recommended monitoring action, background gas rationale) are achievable from tool output. Different angle from fmsr_05 (which asks 'explain gases + match failure mode' — this asks 'confirm Normal'). Reviewer-selected comparator (fmsr_05) differs from embedded comparator (fmsr_01); the reviewer call is that fmsr_05 is the closer shape. Limitation: gt.decisive_intermediate_values gases (h2=90, etc.) are fabricated and do not match the actual fixture (T-005: h2=12.31, ch4=8.03).","Drop or correct gt.decisive_intermediate_values gas values to match data/processed/dga_records.csv for T-005, or drop the field entirely and rely on must_include labels. Update nearest_handcrafted_comparator.scenario_file from fmsr_01_dga_fault_mode_diagnosis.json to fmsr_05_dga_record_lookup_explain.json before promotion."
SGT-GEN-002,generated,first_review_20260502,TSFM,T-005,tsfm_01_rul_forecast_maintenance_window,tsfm_01_rul_forecast_maintenance_window,borderline,near-duplicate,fixable,maybe,reject_duplicate,false,reject,"Same shape as tsfm_01 (RUL forecast + horizon decision), different horizon (60d vs 180d) and asset. Adds no materially new operational context beyond a parametric variation. Stage 3 rule 2: novelty=near-duplicate -> reject_duplicate. Embedded and reviewer-selected comparators agree.","If kept under acceptance with relaxed novelty: drop fabricated gt.final_value.rul_estimate_days=420 (fixture is 3391); remove tsfm.detect_anomalies or pin a sensor_id source. Otherwise drop as duplicate of tsfm_01."
SGT-GEN-003,generated,first_review_20260502,WO,T-005,wo_02_corrective_order_after_fault,wo_01_create_inspection_order,borderline,near-duplicate,bad,maybe,reject_duplicate,false,reject,"Same expected_tools as wo_02 (wo.create_work_order + wo.estimate_downtime); different premise (high-temp reading vs repeated faults) but same WO-creation shape. Plus tool-path is bad: estimate_downtime requires severity:str argument with no source in the prompt. Stage 3 rule 2. Reviewer-selected comparator (wo_02) differs from embedded (wo_01); wo_02 is the closer shape.","Either drop as duplicate, or rewrite to add wo.list_fault_records first AND pin severity explicitly in the prompt or in decisive_intermediate_values. wo.list_fault_records output rows have no severity field (verified against mcp_servers/wo_server/server.py:94-128 + data/processed/fault_records.csv schema), so pinning severity is required even after the v0.2 prompt change pattern."
SGT-GEN-004,generated,first_review_20260502,IoT,T-005,iot_04_load_current_overload_check,iot_01_list_transformer_sensors,accept,distinct,fixable,maybe,accept_with_edits,true,promote_with_edits,"Same asset as iot_04 but different sensor (oil_temp_c vs load_current_a) and different question (point-in-time threshold check vs baseline-relative trend). Materially different MCP tool pattern. Reviewer-selected comparator (iot_04) differs from embedded (iot_01); iot_04 is the closer shape. Limitation: gt.final_value claims oil_temp=70 deg C and 'within safe range', but data/processed/sensor_readings.csv for T-005 oil_temp_c has min=22.6, max=65.5, mean=45.0 — never reaches 70. expected_tools missing iot.list_sensors discovery step.","Drop fabricated gt.final_value.sensor_value_with_unit='70 deg C' and gt.decisive_intermediate_values.oil_temp_c='70'; let the agent report what tools return. Add iot.list_sensors before iot.get_sensor_readings. Update nearest_handcrafted_comparator.scenario_file from iot_01_list_transformer_sensors.json to iot_04_load_current_overload_check.json before promotion."
SGT-GEN-005,generated,first_review_20260502,Multi,T-005,multi_01_end_to_end_fault_response,multi_01_end_to_end_fault_response,reject,near-duplicate,bad,drop,reject_duplicate,false,reject,"Same shape as multi_01 (multi-domain incident response with IoT -> FMSR -> TSFM -> WO chain). Stage 3 rule 2 wins. Even if not duplicate: prompt names 'elevated hydrogen and rising methane' (thermal/PD-leaning gas pattern) but gt fault_label='Arcing fault' / fault_code='D2' (arc-discharge -> C2H2-driven). T-005 fixture is Normal so analyze_dga returns N regardless. Missing fmsr.get_dga_record before fmsr.analyze_dga. Embedded and reviewer-selected comparators agree.","Major rewrite: pick an asset with a real fault in fault_records.csv, align gas profile with the labeled fault code, add fmsr.get_dga_record before fmsr.analyze_dga, pin sensor_id for iot.get_sensor_readings."
SGT-GEN-001,generated,first_review_20260503,FMSR,T-005,fmsr_01_dga_fault_mode_diagnosis,fmsr_01_dga_fault_mode_diagnosis,reject,near-duplicate,bad,drop,reject_duplicate,false,reject,"Same shape as fmsr_01 (DGA -> fault mode diagnosis). Stage 3 rule 2. Plus internal contradiction: prompt says 'recent DGA readings show stable gas levels' but gt.final_value.primary_fault='D2' (arc discharge — extreme fault). Stable + D2 are mutually exclusive. T-005 fixture is Normal so analyze_dga returns N not D2 anyway. Embedded and reviewer-selected comparators agree.","Major rewrite: either change premise to 'elevated activity' to match D2 ground truth, or change gt.final_value.primary_fault to Normal to match 'stable' premise."
SGT-GEN-002,generated,first_review_20260503,TSFM,T-005,tsfm_01_rul_forecast_maintenance_window,tsfm_01_rul_forecast_maintenance_window,borderline,near-duplicate,fixable,maybe,reject_duplicate,false,reject,"Same shape as tsfm_01. Also near-duplicate of 502/SGT-GEN-002 (same asset, similar premise). Stage 3 rule 2. Embedded and reviewer-selected comparators agree.","Drop as duplicate; or consolidate the three RUL near-duplicates (502/002, 503/002, 505/002) into one canonical accepted scenario after fixing fabricated rul values."
SGT-GEN-003,generated,first_review_20260503,WO,T-005,wo_02_corrective_order_after_fault,wo_01_create_inspection_order,borderline,near-duplicate,bad,maybe,reject_duplicate,false,reject,"Same shape as wo_02 and very near-duplicate of 502/SGT-GEN-003. Same wo.estimate_downtime severity-source problem. Stage 3 rule 2. Reviewer-selected comparator (wo_02) differs from embedded (wo_01); wo_02 is the closer shape.","Same edit as 502/SGT-GEN-003. If both are kept, drop one as duplicate."
SGT-GEN-004,generated,first_review_20260503,IoT,T-005,iot_04_load_current_overload_check,iot_01_list_transformer_sensors,accept,distinct,fixable,maybe,accept_with_edits,true,promote_with_edits,"Different sensor (winding_temp_top_c) from iot_04's load_current_a; same shape (point-in-time check). Open-ended question; agent gets winding_temp_top_c data for T-005 (range 21.2-80 deg C, mean 50.4) and answers based on real readings. Reviewer-selected comparator (iot_04) differs from embedded (iot_01); iot_04 is the closer shape. Limitation: gt.decisive_intermediate_values.winding_temp_top_c='80' is exactly the fixture max not a typical reading; ground truth would either trip the alarm or not depending on the timestamp the agent picks. Cleanest accept-with-edits per Alex's #53 ledger.","Drop fabricated gt.decisive_intermediate_values; rely on must_include labels. Consider pinning a specific timestamp window if the question is meant to be deterministic. Update nearest_handcrafted_comparator.scenario_file from iot_01_list_transformer_sensors.json to iot_04_load_current_overload_check.json before promotion."
SGT-GEN-005,generated,first_review_20260503,Multi,T-005,multi_01_end_to_end_fault_response,multi_01_end_to_end_fault_response,reject,near-duplicate,bad,drop,reject_duplicate,false,reject,"Same shape as multi_01 and near-duplicate of 502/SGT-GEN-005. Prompt names 'rising methane and ethylene' (thermal pattern T1-T3) but gt.fault_code='D2' (arc-discharge). Gases don't match labeled fault. Gas-name mention violates the no-hint rule (PR #186 v0.2 README issue #2). Stage 3 rule 2. Embedded and reviewer-selected comparators agree.","Major rewrite as for 502/SGT-GEN-005."
SGT-GEN-001,generated,v02_first_review_20260505,FMSR,T-001,fmsr_01_dga_fault_mode_diagnosis,fmsr_01_dga_fault_mode_diagnosis,reject,near-duplicate,bad,drop,reject_duplicate,false,reject,"Same shape as fmsr_01. Internal contradiction (called out in PR #186 README): gt.final_value.fault_label='D2' but gt.final_value.dominant_gas_rationale='Elevated methane and ethane levels' — that's a thermal pattern (T1/T2), not D2 (which needs C2H2). T-001 fixture is Normal so analyze_dga returns N regardless. Stage 3 rule 2. Embedded and reviewer-selected comparators agree.","Major rewrite: align gas rationale with claimed fault code; pick an asset with a real fault."
SGT-GEN-002,generated,v02_first_review_20260505,TSFM,T-002,tsfm_01_rul_forecast_maintenance_window,tsfm_01_rul_forecast_maintenance_window,borderline,near-duplicate,fixable,maybe,reject_duplicate,false,reject,"Same shape as tsfm_01 and near-duplicate of 502/002 + 503/002. v0.2 only changed the asset (T-005 -> T-002) — the question is identical. Stage 3 rule 2. Embedded and reviewer-selected comparators agree.","Drop as duplicate."
SGT-GEN-003,generated,v02_first_review_20260505,WO,T-003,wo_02_corrective_order_after_fault,wo_04_fault_record_downtime_update,accept,distinct,fixable,maybe,accept_with_edits,true,promote_with_edits,"Different operational context from wo_02: spare procurement pending + temp-threshold trigger creates a different decision pattern. PR #186 v0.2 fix attempted to fix the severity-source gap by adding wo.list_fault_records before wo.estimate_downtime in ideal_tool_sequence. Verification done for this disposition: wo.list_fault_records (mcp_servers/wo_server/server.py:94-128) returns rows from data/processed/fault_records.csv whose schema (transformer_id, fault_id, fault_type, location, voltage_v, current_a, power_load_mw, temperature_c, wind_speed_kmh, weather_condition, maintenance_status, component_health, duration_hrs, downtime_hrs) has NO severity/priority column. Therefore the v0.2 sequence change does NOT actually supply a severity argument to wo.estimate_downtime; severity must be pinned in the prompt or in decisive_intermediate_values. Tool-path downgraded from good to fixable accordingly. Stage 3 rule 4 (benchmark_usefulness=maybe) -> accept_with_edits with a stronger required_edit. Reviewer-selected comparator (wo_02) differs from embedded (wo_04); wo_02 better matches the create+estimate decision shape, but wo_04's update+downtime pattern is also defensible — the reviewer-selected comparator is the more conservative choice.","Pin severity in the prompt or in gt.decisive_intermediate_values (e.g. severity='high' justified by 'thermal threshold breach + spare procurement pending'); document the chosen severity-derivation rule in the scenario rationale. Verify the agent picks up the pinned severity. Update nearest_handcrafted_comparator.scenario_file from wo_04_fault_record_downtime_update.json to wo_02_corrective_order_after_fault.json before promotion."
SGT-GEN-004,generated,v02_first_review_20260505,IoT,T-004,iot_04_load_current_overload_check,iot_01_list_transformer_sensors,accept,distinct,fixable,maybe,accept_with_edits,true,promote_with_edits,"Different sensor (oil_temp_c) and different asset from iot_04. PR #186 v0.2 fix: gt.decisive_intermediate_values.sensor_id='oil_temp_c' pins the sensor. Open-ended question. Reviewer-selected comparator (iot_04) differs from embedded (iot_01); iot_04 is the closer shape. Limitation: gt.final_value still fabricates a 70 deg C reading and 'within normal range' — agent would report what get_sensor_readings actually returns for T-004 (likely well below 70). expected_tools still missing iot.list_sensors discovery step.","Drop fabricated gt.final_value.sensor_value_with_unit; add iot.list_sensors discovery step. Update nearest_handcrafted_comparator.scenario_file from iot_01_list_transformer_sensors.json to iot_04_load_current_overload_check.json before promotion."
SGT-GEN-005,generated,v02_first_review_20260505,Multi,T-005,multi_01_end_to_end_fault_response,multi_01_end_to_end_fault_response,reject,near-duplicate,bad,drop,reject_duplicate,false,reject,"Same shape as multi_01 and near-duplicate of 502/005 + 503/005. PR #186 v0.2 README explicitly flags this scenario as STILL VIOLATED: ideal_tool_sequence is missing fmsr.get_dga_record before fmsr.analyze_dga (CONSISTENCY_CONSTRAINTS rule), and iot.get_sensor_readings has no sensor_id source. Plus T-005 fixture fault_label=Normal so D2 ground truth is unsupported. Stage 3 rule 2. Embedded and reviewer-selected comparators agree.","Same major rewrite as 502/SGT-GEN-005 + 503/SGT-GEN-005."
